{"cameraMode":{"drawMode":0,"name":"Shaded","section":"Shading Mode"},"sceneLighting":true,"audioPlay":false,"sceneViewState":{"m_AlwaysRefresh":false,"showFog":true,"showSkybox":true,"showFlares":true,"showImageEffects":true,"showParticleSystems":true,"showVisualEffectGraphs":true,"m_FxEnabled":true},"in2DMode":false,"pivot":{"x":-0.6849228739738464,"y":-1.3542343378067017,"z":-1.7814173698425294},"rotation":{"x":-0.012406258843839169,"y":0.9875324368476868,"z":-0.1163814440369606,"w":-0.10527107119560242},"size":7.791844367980957,"orthographic":false}