{"cameraMode":{"drawMode":0,"name":"Shaded","section":"Shading Mode"},"sceneLighting":false,"audioPlay":false,"sceneViewState":{"m_AlwaysRefresh":false,"showFog":false,"showSkybox":false,"showFlares":false,"showImageEffects":false,"showParticleSystems":false,"showVisualEffectGraphs":true,"m_FxEnabled":true},"in2DMode":false,"pivot":{"x":-0.002984762191772461,"y":0.9665877223014832,"z":0.03685188293457031},"rotation":{"x":0.20812857151031495,"y":0.35428911447525027,"z":-0.08120328187942505,"w":0.9080605506896973},"size":1.5806986093521119,"orthographic":false}